path,bytes,sha256
editions/metadata/adzom-1973/I1KG895.json,1116,7da10eb0e64ff6d9370be88ce5335f5393d771c870a8b33e83d13ae66fb823af
editions/metadata/adzom-1973/MW1KG892.json,10732,1a6cdb4106e325580cd9b19f4ca9e82fbbeb89ac9d0f789e89901b4d7c9bdc62
editions/metadata/adzom-1973/W1KG892.json,1847,3bdd1f1d08c77f8e0df7deb0df7bcdaea022311b12ffae3ceb6788f4756c25f9
editions/metadata/adzom-1973/collection-retrieval.json,659,72328a01f6556477f867e2e4123e2ceec60cf5109f6824638bd69c9930f534a5
editions/metadata/adzom-1973/collection.json,1515,1f53dafd0dec3c37ea734e9e7546cd6d96b3c5cf991e592fc3cc742ac748a06c
editions/metadata/adzom-1973/retrieval.json,240,3abdfc494e3740a28d2a2c9d5077ee9a42071478c00639d4f2483a58df20272e
editions/metadata/adzom-1973/volume-manifest.json,465366,20873f0ea42f0ae9e86086b1b5d4299fd974f2623edcd3f28f92c13bc34a0772
editions/metadata/adzom-2000/collection-retrieval.json,596,6d7c7c2c4b4e6691fce19f49f6fe3ee82dbb585c48ecad6cfd0ee9bcc4419a03
editions/metadata/adzom-2000/collection.json,2894,44f450f670f8494ca650400192d1e0026d7a47a2cb8b7fe2568bd196f209ffe8
editions/metadata/adzom-2000/retrieval.json,244,fb2feb49afe695b6e46467716391e0be38c147a5ad857fb1ef3b31b434c56105
editions/metadata/adzom-2000/volume-manifest.json,550255,11491c5f8c739607533369fd6b6a4399f31f6fc784c6c008fc56707ce21578eb
editions/metadata/dege-W1ER7/collection-retrieval.json,588,738d38a808d5bc141f0569de1c162d2c0b98f0b4373f48dcf0d7b0f7e3b6a22e
editions/metadata/dege-W1ER7/collection.json,5313,ed162518b900ede9d44d2a56d36b8e07fffdb4ba9d3aeac56592230a1fe82bfc
editions/metadata/dege-W1ER7/retrieval.json,242,881e2b9f6315e9ffe37c2b80dbb75834e2eac156b2a343c66b8c1831092b2248
editions/metadata/dege-W1ER7/volume-manifest.json,635209,db3b9ce67e6dd58da9efca6e52dfec13089e7ee5eaa015e7b6a8b10f7b687d83
editions/metadata/dege-W21939/collection-retrieval.json,590,064addd5f1e8efe057c45d0e2ab7bd9cb4b98011d8e87527a3883034bbfdab29
editions/metadata/dege-W21939/collection.json,5263,9ad1e88cc9c0bf5146333d28f3f918544a89838491218c1e953a83b38e1388f2
editions/metadata/dege-W21939/retrieval.json,238,8b66e0aa0fb616fdb779a933fab158a1e85300dd80012e83e80ba5f2bbe3a22d
editions/metadata/dege-W21939/volume-manifest.json,678186,7029bb01df2f5fb227a21f7253e35815a9e29c3e5509b969ef634ce08fb3ea5b
editions/metadata/dege-W3KG436/I3KG1191.json,937,5fedafd29b43575f8ac85bf1ad1ba0bfb46eb853384fe2c3d5bfd24268d3656e
editions/metadata/dege-W3KG436/MW3KG436.json,2898,9871fa7ce3a2c091152230549b13f709ca63e478129d9a7dbeccbf30c3924636
editions/metadata/dege-W3KG436/W3KG436.json,1617,0d1a4e637b4998dcc5173d6acb6b2697448bf3a4d47c30a875fce7f42b8e9056
editions/metadata/dege-W3KG436/collection-retrieval.json,642,33377c5b3656d6ca5d088ecdb4ecf15c3a712d47427134e5c764df4290186f51
editions/metadata/dege-W3KG436/collection.json,994,d11e1eda9031b9ed82bb057bb002bcbb378bf403a36487546c50da2b44cc941b
editions/metadata/dege-W3KG436/retrieval.json,347,2b197049bc02dd4704242de92eb61673e37591c4baf74cfafdd0781bd8e198a9
editions/metadata/dege-W3KG436/volume-manifest.json,645507,3cc605a38f5911fa0d85a7decde4bd7f5eaf305315b35cfcce76e1ef560454c9
editions/metadata/dege-W3KG763/I3KG2269.json,937,dc4c52cdcc72fb7735b2a17738bcec96e15e780a2cd117cd8ec6c9317141afab
editions/metadata/dege-W3KG763/MW3KG763.json,3112,11353a118ba1ed33cbc20c3f67764e4435ab6307fc7d759e51051e76070ca177
editions/metadata/dege-W3KG763/W3KG763.json,3615,f97155d017ce7a6cd8543c62719d86a326290a773f2df8b3f94117ebc6c8ab4c
editions/metadata/dege-W3KG763/collection-retrieval.json,642,29985ead6992a1698586402b7b228960ed93c757627915ae7a1786bca4f768a5
editions/metadata/dege-W3KG763/collection.json,5289,77d15d2451ca3bc279d6cf261186c9e228d15c5df4b93de79942c32eed8ed1ec
editions/metadata/dege-W3KG763/retrieval.json,365,dbc50fd553d43cf011c9be2e9fa0c9c4490cc27c936179f21bf0c8f9e870ecb2
editions/metadata/dege-W3KG763/volume-manifest.json,642203,62d86bf31d3dface940d3e9cddbeb33689874cac70e88fbaee32881f418ed553
editions/metadata/dzongsar-manuscript/collection-retrieval.json,592,90c569ec067c3af15258c444cfb90cfdd380f9f7cad586dbdb76d86c23d9e6fd
editions/metadata/dzongsar-manuscript/collection.json,78758,b7ea1b5f547f769182eafd89d20189ab71c0750f272f44a482ac7889a86e2823
editions/metadata/dzongsar-manuscript/retrieval.json,242,36e3f09f26b8b2d255caec69a02cd1f3227b0cbbacb048ab945b5495bd083383
editions/metadata/dzongsar-manuscript/volume-manifest.json,389459,bb69cbb06ea2bd24bbb5ac2d6b981f7287988ceeeb84ad5d8b7afbcf53efcdb3
editions/metadata/gadkar-manuscript/collection.json,8920,88cfa009ff464bd61e733c28a8dd2db8b6650ce538db94e23e371335376de1b8
editions/metadata/gadkar-manuscript/retrieval.json,241,4bdcd55d2d1b0d5ac0480a642ee69cd31a806c64245ce8e0ceb278328051780a
editions/metadata/gadkar-manuscript/volume-manifest.json,1512503,435be2d77f8dfa8466c3cf3e09b6acf24b67ad208658a9d9e7bbb8f426899465
editions/metadata/langtang-manuscript/collection-retrieval.json,592,621d341304539f806c11f20796712b66b9f38f4415f1b20afa7980e8ad411e56
editions/metadata/langtang-manuscript/collection.json,3769,68171d8d72f04e04af5b4e1e5fc0eb45a5b1f05fb9db44a3bb4fdfa05648534f
editions/metadata/langtang-manuscript/retrieval.json,242,aec9734b3d99da377d9be97991eec653a1f4bdf9693d5aef3119ed47ebf24315
editions/metadata/langtang-manuscript/volume-manifest.json,134373,1ba962b71736ec50a49f65b7d4dbd559438ab13bf18284e363d13f8f1ec77f55
editions/metadata/ngmpp-W1ER119/collection-retrieval.json,592,b12cab0d8077dacaa32a8d93f15d81819a78ff1cf4c1bf08ac7a2775ea508cce
editions/metadata/ngmpp-W1ER119/collection.json,3062,358945476086fc77db82b230a8477452579e481d931453eacaf4f7bd34a77a4e
editions/metadata/ngmpp-W1ER119/retrieval.json,237,8d9b62efdf0fa8f625027a4fc18afc87caa85fe5bd3d5bea4bfb90358bb75e06
editions/metadata/ngmpp-W1ER119/volume-manifest.json,208481,0eaefab3a8de4c2d78fac2f9bbd81facf1fca69e4f44b51d52881890cba3edc7
editions/metadata/tharpaling-1983/collection-retrieval.json,590,b07e56402a589a031011bb4889c159bf91888d946c51a7da46550a905e01cf0a
editions/metadata/tharpaling-1983/collection.json,1591,142f41404f435c9c4f501bf03ce6004694673f8def4d0e8a34a046b05887d81e
editions/metadata/tharpaling-1983/retrieval.json,236,ef6d10ead091ee8a681b3f2b1f741ee78e067a8967b6c4b6a37ab3ea394900cf
editions/metadata/tharpaling-1983/volume-manifest.json,549698,f117b0c7b1a249ff59e6031236e01132905679ce31fdae7d939a40bbdaef9ce0
editions/metadata/tingkye-1973/collection-retrieval.json,590,e7d5a03a6cbf40d908e70eefa97a6c1c4ac0e09f4eacaa60814460cd3feaf172
editions/metadata/tingkye-1973/collection.json,16869,eee6bab70012b239c7819453e6df9c1a443f117675f8f957d5c5d2309dd6a779
editions/metadata/tingkye-1973/retrieval.json,236,31a171c9617b9e7f5a3590756c1a43312990834c67a9289b64f6ef29887fa0e3
editions/metadata/tingkye-1973/volume-manifest.json,592764,9648aa1082bd8a304edcc477b95b8b2bd72bc79c9f41c35f5beb18ad4978f127
editions/metadata/tsamdrak-1982/I0615.json,934,d43d0e7672c23474fc6dc86603d163a3573d7202a359b7a470434558183d88ed
editions/metadata/tsamdrak-1982/MW21521.json,7187,a166a04f15308a3fade5825e99144b80e63a1cda5e47a5e5f0ad2d07937be3dd
editions/metadata/tsamdrak-1982/W21521.json,5784,c5f3cd190b3e602c224ecaaed9dc6f0398d08522f1d4c17bd2a43466e2236287
editions/metadata/tsamdrak-1982/collection-retrieval.json,655,e416714d55b1b2e8be769b301004a52540a0728214b6eddc203e66611b69eba8
editions/metadata/tsamdrak-1982/collection.json,10092,d3a6ee21e894b4b727b2185f4e1fa5210bb82a182bbc20749ef17fa4434d1346
editions/metadata/tsamdrak-1982/retrieval.json,236,654ad51fa8971787b2288ef81f44273296bf5ee398d08eb2312318eda910dad5
editions/metadata/tsamdrak-1982/volume-manifest.json,706281,a85430444b04f2f7ef5cc791a8d66f61640db436a08e549b6048735933702d87
editions/metadata/zhichen-manuscript/collection-retrieval.json,596,d3dac8907e584c31679db0f371c6d2473ed89d31126650710aa2224ebf6ca59d
editions/metadata/zhichen-manuscript/collection.json,16151,75ba1b27795e1d6730c2142ceed25b93c3f1157e53ea12ea66257912e6d2978e
editions/metadata/zhichen-manuscript/retrieval.json,244,40a0528f580b7e280bad5c4081c9f4ddfa4b13cc0a5ce9b584cd1ddc2821df61
editions/metadata/zhichen-manuscript/volume-manifest.json,389755,aa06559b552fddc2df5bb60166684b979354809460924819f3afe38ea2191fbd
editions/research/bdrc/batch-01-identity/MW1BL6_0032_009.json,3628,4fae31e497d503f01910150dec0f497eac3df2b1a1ef3033f89d2910c7010bb4
editions/research/bdrc/batch-01-identity/MW1ER119_0006_1.json,4156,084da2ee06bd864cf94fce678a10e7c58f93412ac86f6ee51133956916aa834a
editions/research/bdrc/batch-01-identity/MW1KG11703_0003_004.json,4211,a0fbdf7897415465a768c54fd06e65ed1375d4bb969987dd413d2cedc574169b
editions/research/bdrc/batch-01-identity/MW1KG14783_0005_007.json,4211,17a02bef7e722cce8bf7a6571f895e14fdbfe9d7068926e1872e904995f82ced
editions/research/bdrc/batch-01-identity/MW2PD17382_0038_003.json,3661,feaae8b367e2b154f6f2e9570478eb35d5981a7f8524bee24afb02de8d2f15c3
editions/research/bdrc/batch-01-identity/MW3CN3207_O3CN3207_M0YTTN.json,3285,fd587bafbe04f8065a166cb466d1c83e70e9478c9959a84c0f71f779d49883f8
editions/research/bdrc/batch-01-identity/README.md,1965,34e7ff86ce5b045b8cd5620f83ae03cc09f209e5ecf909d429aa928c9c208383
editions/research/bdrc/batch-01-identity/WA0RG0060.json,1730,981a53693a07606f0eae7daa4aab48dd2191b20e01b8a21498bf64d61475ecd1
editions/research/bdrc/batch-01-identity/retrieval.json,1583,f52cce00d4c03891062ea18607113c9d8af1378c981458da93653493ace82ac0
editions/research/bdrc/batch-02-clusters-and-groups/I0615.json,934,d43d0e7672c23474fc6dc86603d163a3573d7202a359b7a470434558183d88ed
editions/research/bdrc/batch-02-clusters-and-groups/I1764.json,933,7344f2ce4b80bc7d55c9a19b24f42eab26c0264c641dfa33ac5fa28ef9822bea
editions/research/bdrc/batch-02-clusters-and-groups/I1ER795.json,936,efe17f85ae196fc67113c22ac6cdabe4d4e81e3b33ae1a7d2bc25df00fdbce68
editions/research/bdrc/batch-02-clusters-and-groups/I1ER907.json,745,e13a20bf12d8842c0a3313978002c5f3fe99bc1d8c677b3351d883acd0b1375a
editions/research/bdrc/batch-02-clusters-and-groups/I1KG11712.json,1130,8ce7499e2d9639fe68369319923e1b3b8ba6dfd27d1ad2758feffe7ad5aea838
editions/research/bdrc/batch-02-clusters-and-groups/I1KG81310.json,1142,daefd3f38df456ff41e5fcb46f483da320649b8efb56244d719dc0f27e265137
editions/research/bdrc/batch-02-clusters-and-groups/I3CN3237.json,1104,187fd4dd6c7b5acec8660b11cd658756370c11ec05f5ec8405c9a84c901840f3
editions/research/bdrc/batch-02-clusters-and-groups/I3PD1346.json,1163,1c822935071c9787c998bfff4ee3041e6517a212b6e9e06f92e861615871defc
editions/research/bdrc/batch-02-clusters-and-groups/I4448.json,933,5a3aa2d491dc7951e4d88bb2a4e249340f893581d51e125a67e2120a62b353bf
editions/research/bdrc/batch-02-clusters-and-groups/MW1KG892.json,10732,1a6cdb4106e325580cd9b19f4ca9e82fbbeb89ac9d0f789e89901b4d7c9bdc62
editions/research/bdrc/batch-02-clusters-and-groups/MW21518_60123B.json,3727,54dab838af32af5438a836d6b7bed7dcfe31f3af8c63ba09b255a5e53509ae34
editions/research/bdrc/batch-02-clusters-and-groups/MW21521.json,7187,a166a04f15308a3fade5825e99144b80e63a1cda5e47a5e5f0ad2d07937be3dd
editions/research/bdrc/batch-02-clusters-and-groups/MW21521_6A6ADD.json,3041,00cd5c0146cc554e48f88d1a1e62782bf129bbfacb37ead5f455fe62a082ee3b
editions/research/bdrc/batch-02-clusters-and-groups/MW27491.json,13393,432a5c3022ff463a7263bb530e848bc05042a4df6f7fefecfbef34de1a863311
editions/research/bdrc/batch-02-clusters-and-groups/MW27491_4BA695.json,3337,3c7c836d4539f39fa91df7fa6e0b4f03458598e416f60ded7ac71edee4188119
editions/research/bdrc/batch-02-clusters-and-groups/MW2PD17382.json,48675,8a9beeaef8d843202a1ca5415947522edc7858f905d97a89b40304a2a7860dba
editions/research/bdrc/batch-02-clusters-and-groups/MW3CN7084.json,10318,054a938b4184a72f90a0168ea4ea9fec3f1639a2e2baaea2b45e4a72d14a5bd1
editions/research/bdrc/batch-02-clusters-and-groups/MW3PD988_48295D.json,3555,e206de3fe4f5715fd3f421e83df355d9fd01069b07afd03f51beef32929753c5
editions/research/bdrc/batch-02-clusters-and-groups/README.md,3236,62cb9eb2d81cc673a8efd8d5484b0211e2a418d5d3608bd47a985c95e189c87a
editions/research/bdrc/batch-02-clusters-and-groups/W1ER119.json,1997,bb56a3eb7d55b09d95ad06a3b6aef30566571efb8bfb54c6e10d76f907c12c13
editions/research/bdrc/batch-02-clusters-and-groups/W1ER156.json,4796,27372d11cb5e9ca0431eec0e2417c468d47338f861408dec733f84e99f98b33e
editions/research/bdrc/batch-02-clusters-and-groups/W1KG11703.json,2220,28572181ffb293d327a3825d5f661e41d9b9875d52d1a3e126b722adecba6889
editions/research/bdrc/batch-02-clusters-and-groups/W1KG14783.json,7189,e8413ecf1c703e5e282080f397881db44e002cef2051710fa20311a53306182c
editions/research/bdrc/batch-02-clusters-and-groups/W21518.json,4923,839511b3492c41e6417b9dce52ae559db2d0d7b8e3fa399f6d249f4395553f20
editions/research/bdrc/batch-02-clusters-and-groups/W21521.json,5784,c5f3cd190b3e602c224ecaaed9dc6f0398d08522f1d4c17bd2a43466e2236287
editions/research/bdrc/batch-02-clusters-and-groups/W27491.json,2019,e819a5b82b338d558b02ba9b55c0c0752d6c66d31d0e51ebfb7bae8b9c8c0e2e
editions/research/bdrc/batch-02-clusters-and-groups/W2PD17382.json,5384,5526f328880bdee7a9cec8e709ee2f43bb565d6f09ea6d3270ca590b53280e44
editions/research/bdrc/batch-02-clusters-and-groups/W3CN3207.json,5925,66259edc9dafd073621f1e53ec595c77abf684a4f834337a057bb933cceee6d9
editions/research/bdrc/batch-02-clusters-and-groups/W3PD988.json,22137,3777d6231fe15d6b50a65504908ba853bcfee3b41d9212a22fe0f0c8e6189221
editions/research/bdrc/batch-02-clusters-and-groups/WA0XL60123BEBEC01.json,901,6061c3cb7ca8b3c553ddb284aa03c64fa0fe93b55a624d72b8dac6833a995fd3
editions/research/bdrc/batch-02-clusters-and-groups/WA0XL6A6ADDB434FB.json,1101,7e16cbd3c5ac2fa95124f6629db2ff28c43fa10b6afa969641dc7acfde80965c
editions/research/bdrc/batch-02-clusters-and-groups/retrieval.json,6133,ebf6f97d750d66e32a02e9750b0778e97ef5eb70f427c2a4b81257ac50ba7dae
editions/research/bdrc/batch-03-access-and-provenance/I1KG21610.json,1130,989035a9f60b8dccdae5589c2c25e06af64c5869aa63f0ceb2fb8c55e3a5488c
editions/research/bdrc/batch-03-access-and-provenance/I1KG895.json,1116,7da10eb0e64ff6d9370be88ce5335f5393d771c870a8b33e83d13ae66fb823af
editions/research/bdrc/batch-03-access-and-provenance/I2PD20022.json,1130,6f4f51702d2613a5d48faf6f6d4208024a556ce454398d30e77e5643c6157676
editions/research/bdrc/batch-03-access-and-provenance/I2PD20023.json,1130,65290008f0d5b35136eeedeb42db19bacc92da3a5c83df9537bd9cbcfd02b60d
editions/research/bdrc/batch-03-access-and-provenance/I2PD20024.json,1132,f65e6961e60a74caad1043ee180b386ad8377c3521c0ec241fd632cb423e9bee
editions/research/bdrc/batch-03-access-and-provenance/MW1BL6.json,36371,424b38fa4c7645b98319ad39006b42d891ad192418bb5aeb0a2740b9626f25c5
editions/research/bdrc/batch-03-access-and-provenance/MW1ER124.json,2835,c183df530fb1bd297f41098dcbe8623b17b9596f31b4f0eb9eee33f5af47d211
editions/research/bdrc/batch-03-access-and-provenance/MW1ER128.json,2621,e2501468c13387c70ff549a8fb7fc201371c911b21276a79f7134117b723bf42
editions/research/bdrc/batch-03-access-and-provenance/MW1ER27.json,2613,c522e17046ea8ca99b25dbb0a5b60445ff31da4dee1eeacfe2468820eee76264
editions/research/bdrc/batch-03-access-and-provenance/MW1ER7.json,3014,3e9aa6f2b517f5ffdee07cc1c519ca4bba0038734a16778728d0cb79a176ba1b
editions/research/bdrc/batch-03-access-and-provenance/MW1KG16449.json,7616,4962d336089c888cfcdb98a800ce47df83565dff779dce0382567a6d85003412
editions/research/bdrc/batch-03-access-and-provenance/MW1KG892.json,10732,1a6cdb4106e325580cd9b19f4ca9e82fbbeb89ac9d0f789e89901b4d7c9bdc62
editions/research/bdrc/batch-03-access-and-provenance/MW21520.json,11417,b25be461286f4b9573291232fd6c6ce8494622fab46701f10e598f105c4af97a
editions/research/bdrc/batch-03-access-and-provenance/MW21939.json,9423,8eee5cd1b46bb81853d9b93f6bc9cd8da58b523cfe9925893fad5698f199fce2
editions/research/bdrc/batch-03-access-and-provenance/MW2PD19896.json,8517,ead48c7d5ad398b44a5e5c12563973cfe4c9bcac35ea468c66d7b1572ef0e649
editions/research/bdrc/batch-03-access-and-provenance/MW3CN3207.json,13679,407df1bc9d17d487bd5a3bba290c531e4228639e0f5851a2b32defa2808ba59d
editions/research/bdrc/batch-03-access-and-provenance/MW3CN7084.json,10318,054a938b4184a72f90a0168ea4ea9fec3f1639a2e2baaea2b45e4a72d14a5bd1
editions/research/bdrc/batch-03-access-and-provenance/README.md,5068,d516fcb42902e1047031a7c9f507175c18cc05bca187c8c6cb88c1cb1d3dd2bb
editions/research/bdrc/batch-03-access-and-provenance/W1BL6.json,3983,9360e1a1fb02a3448004cb946ea45aab62629127c4da42d70164826bec0328c4
editions/research/bdrc/batch-03-access-and-provenance/W2PD19896.json,4291,b003344e5a89602bdb45d14fd8f795da373f4379bdda8afb222775b437306e3b
editions/research/bdrc/batch-03-access-and-provenance/access-observations.json,11114,7384ff552af6ddcbc02f72f9eaf5160b3ea9cc344d2ae613f6b02569b2f15686
editions/research/bdrc/batch-03-access-and-provenance/manifest-I0615.json,706279,92cb787df32b835ae1259bff5e4e19b6266cd43dc359ca0d54f3b6372f918a29
editions/research/bdrc/batch-03-access-and-provenance/manifest-I1KG21610.json,36829,b93f6404af578c033e5e48878539ca4806a02adccb98d30484190838d188df61
editions/research/bdrc/batch-03-access-and-provenance/manifest-I1KG895.json,465364,3c09e208f359f47ed05bcfc61ba0ddced7fc0fff5bd3be21391c5a847c62e756
editions/research/bdrc/batch-03-access-and-provenance/manifest-I3CN3237.json,36401,4c5eaaef5d8e1fe22c15881c5d35024ce5b56d019b5fb3ed878d069fd1cdd3f6
editions/research/bdrc/batch-03-access-and-provenance/manifest-I3CN8461.json,36561,d70f04a2341a89cbb999e40dab454a58ce847463a8dc62b7589b1add78e54706
editions/research/bdrc/batch-03-access-and-provenance/manifest-I3CN8462.json,36561,9c5d5390eb94dc867e0a293eba0632e8536baa6c65d5d5b0fdf56e3e02373439
editions/research/bdrc/batch-03-access-and-provenance/retrieval.json,6146,51cd78d43a7ba7f279761c2dfa529bef17059b61a6d53e33523893d3a8cfcd33
editions/research/bdrc/batch-03-access-and-provenance/title-search-0.json,41959,2735a0d4fd04325fa060bcdcf064165377de298b7febdc1cc27dd714e847404f
editions/research/bdrc/batch-03-access-and-provenance/title-search-1.json,364297,4add90e1a68bbf67bf8beb1c295f10c0d3b3c271294e1200200d7a06dc7c6f6a
editions/research/bdrc/batch-03-access-and-provenance/tsamdrak-root-outline.json,29116,b204748da1687f09901fbb0a22f3a7c15c61f4cb3efdc01f3bef3ddbad56e31c
editions/research/bdrc/batch-04-collection-census/I3KG1191.json,937,5fedafd29b43575f8ac85bf1ad1ba0bfb46eb853384fe2c3d5bfd24268d3656e
editions/research/bdrc/batch-04-collection-census/I3KG2269.json,937,dc4c52cdcc72fb7735b2a17738bcec96e15e780a2cd117cd8ec6c9317141afab
editions/research/bdrc/batch-04-collection-census/IE3CN26475.json,6489,89ad88744ebfea1fe64c1c5c2bb16412782fd47de90b4b6deb851e19cae9583b
editions/research/bdrc/batch-04-collection-census/MW1CZ2327.json,3264,f51ae575160a29a574e22ec3e8d204f40c48cf6cecce78149c141d1187de06be
editions/research/bdrc/batch-04-collection-census/MW20150.json,8454,19f6738223f90289c55be403f509e736d2f8f645f76a9d6cc2e9c486e0709cec
editions/research/bdrc/batch-04-collection-census/MW21519.json,9237,814ab6a5e458d1fef3f8b3195ed016f9f999f61229d09bfecaef1866190e573d
editions/research/bdrc/batch-04-collection-census/MW21727_F2C035.json,3201,73b0fec358428bed5ba61879bc7394949f399e3581d16ffe399d73a25914e4e7
editions/research/bdrc/batch-04-collection-census/MW23778.json,7195,063946a42c0ccec2f782dbcf5c86855f36c5cb89569fa3db06738fb9adb6a0f4
editions/research/bdrc/batch-04-collection-census/MW23778_EAB04E.json,3305,fa08f959ed1ef600cabbabe2e340e62152c902965d9b910940c5c70e9069dbb0
editions/research/bdrc/batch-04-collection-census/MW25815.json,6624,aee154e5314ec5a6bed8b10ea541b8f04946dda244c5945d228d7bc6bfe16ea1
editions/research/bdrc/batch-04-collection-census/MW3CN26475.json,2871,3edcb55eb996520169f2f0dbf8870a69a3d08cc5f6fc4ad856f2745919ad684e
editions/research/bdrc/batch-04-collection-census/MW3KG436.json,2898,9871fa7ce3a2c091152230549b13f709ca63e478129d9a7dbeccbf30c3924636
editions/research/bdrc/batch-04-collection-census/MW3KG763.json,3112,11353a118ba1ed33cbc20c3f67764e4435ab6307fc7d759e51051e76070ca177
editions/research/bdrc/batch-04-collection-census/MWEAP039-1-4-259.json,12488,a9bb87e07e1f47877523a859e6e3bf4adf875c6dd659585551091919c5151987
editions/research/bdrc/batch-04-collection-census/README.md,4069,91e187a6e4c24fede4505ddb104fe4edd20ef6e9f8bf47f1e792ed181c0353a8
editions/research/bdrc/batch-04-collection-census/W1ER152.json,4437,56f752d7a52e1dc25ab5377c2299450745ee0e0f52c8c7ff6255e8d0b1735d6c
editions/research/bdrc/batch-04-collection-census/W3KG436.json,1617,0d1a4e637b4998dcc5173d6acb6b2697448bf3a4d47c30a875fce7f42b8e9056
editions/research/bdrc/batch-04-collection-census/W3KG763.json,3615,f97155d017ce7a6cd8543c62719d86a326290a773f2df8b3f94117ebc6c8ab4c
editions/research/bdrc/batch-04-collection-census/WA1KG892.json,20332,247feb7047574dfb1946d05534cb54256641d60085328b7b037a5fc4555e855f
editions/research/bdrc/batch-04-collection-census/WA3JT13481.json,23626,fd2c01c49e70203be76c53832a174ac5dd30d3b9f7459253a16d1adb3a3fc0ca
editions/research/bdrc/batch-04-collection-census/collection-work-census.csv,6030,f80940791c9ae11c8e7f62e5c006d2bb6a1448612343d5cd3d29dc1365328163
editions/research/bdrc/batch-04-collection-census/manifest-I3KG1191.json,645505,e6268ef38c5146602fdbc331dee6ad2380424efa3fc2ae911b364e00c9490560
editions/research/bdrc/batch-04-collection-census/manifest-I3KG2269.json,642201,b48279c1be72ab4df1b82f47e01da99e7b51aa6012b6687e2a34aba7f7629dd7
editions/research/bdrc/batch-04-collection-census/retrieval.json,4493,10d720d5ae118973813fff5280ccacf35a184586a6c67219ccdea156e0198e1e
editions/research/bdrc/batch-05-boundaries/DEGE-REVIEW.md,2498,166f37d6cba79898b9404843f507775db124949c43422b1a5a8b01e6098d0432
editions/research/bdrc/batch-05-boundaries/PRIORITY-REVIEW.md,2591,53ae151b7973d1cfc404c8ae1bf865d192ee2fe389ddd624255a24a0a39f4066
editions/research/bdrc/batch-05-boundaries/adzom-1973/419.png,72865,b3066c98d4112706d4773eac6614dc7803f8ff1e48ca5fe352e0710824a3848c
editions/research/bdrc/batch-05-boundaries/adzom-1973/426.png,4276,45976845ec0345c0933bc075a77ce66b1c76ffdfa0c7a23155249ac1a9d94d03
editions/research/bdrc/batch-05-boundaries/adzom-1973/427.png,14243,9f8b9df2801dc370550a4e9c956cb4e95095ee91b2ed6762dd3953997cfd0ae7
editions/research/bdrc/batch-05-boundaries/adzom-1973/428.png,45719,2d44d936c0230071d916c17121d52e139b969a076c34075583990bdc07ece57c
editions/research/bdrc/batch-05-boundaries/adzom-1973/539.png,65137,894ca92df2f48c0339028e6e56c930615094c4b98ac2a89ab6476c96a748b76f
editions/research/bdrc/batch-05-boundaries/adzom-1973/547.png,56292,18b923d5ee72f5f32808cef5544b6dfe693584fad01ad937e083bddad15595c1
editions/research/bdrc/batch-05-boundaries/adzom-1973/548.png,1828,f713a9a3ce50f0c941e48790b90622efad71a5d5179c300bdd77cfaebd3bda24
editions/research/bdrc/batch-05-boundaries/adzom-1973/samples.json,4481,4643d19f109dff3d09b7de2a2204aa2832b40ff7355574f16427b0e0dd4f32a7
editions/research/bdrc/batch-05-boundaries/dege-W1ER7/dege1er7-99-top.png,729421,89904e7bf55d817af5203cc9c965b93c92134b67848f70aeb521626e198f1017
editions/research/bdrc/batch-05-boundaries/dege-W1ER7/inspection-crop.json,640,12b80739b1c1723cd8188b0ce7e22237707e4558b49340be49e09e61c173abd0
editions/research/bdrc/batch-05-boundaries/dege-W3KG436/101.jpg,568602,423ee37fda48022e20c948593a87345341c449a2add228a4a03956c0330cd7b1
editions/research/bdrc/batch-05-boundaries/dege-W3KG436/102.jpg,582424,bb9c54246e2c0b008d12f2a5c49e64e1d966469be5688c796937cf410ffd3281
editions/research/bdrc/batch-05-boundaries/dege-W3KG436/103.jpg,583187,0ef565c3c83b6b2fa8124f91b17b000e83bb158648cf83cc798fcc59634df0d0
editions/research/bdrc/batch-05-boundaries/dege-W3KG436/104.jpg,581783,b2967d95938a875e1cb3e5982637837ce04c925f12c432c6ba756366ed6b10ae
editions/research/bdrc/batch-05-boundaries/dege-W3KG436/158.jpg,618574,ece58bd679ac19db77a5a142e29725e0a15d541b57d51c6c16ad9633addef8af
editions/research/bdrc/batch-05-boundaries/dege-W3KG436/160.jpg,601733,f4371a0cebc27d8727be7ae013c387230e681dd6c8edf71409167aca200486fe
editions/research/bdrc/batch-05-boundaries/dege-W3KG436/161.jpg,576809,55b2d4b3665e5239540b3829b6c416e4c2649b534322a87cc5e466ed5c2cfec3
editions/research/bdrc/batch-05-boundaries/dege-W3KG436/162.jpg,621195,5be083ed68adf715d94ea2f3a4fea38e08c002ed6c1626f7262f18e98e5f930d
editions/research/bdrc/batch-05-boundaries/dege-W3KG436/163.jpg,591031,596e5e1a637b6f3d6c3124d52a97226f08fa7ffe889d1d16da5160fcc00ca924
editions/research/bdrc/batch-05-boundaries/dege-W3KG436/164.jpg,564754,3d3cac7ff6847e691dc099962b568eb3b3d635e08226be91218c8495d4930fde
editions/research/bdrc/batch-05-boundaries/dege-W3KG436/99.jpg,571991,cd8408019518b6bcf4400dbaaf43de62614b050c104b03b9dfe133cd576095e5
editions/research/bdrc/batch-05-boundaries/dege-W3KG436/samples.json,7764,7ac8fca4593865593e87ba4025ad22ba363d2a505be39081f9c94d5e3f329b07
editions/research/bdrc/batch-05-boundaries/dege-W3KG763/100.jpg,504828,79bc9c3da061ba1251edcc0bc0a355a543274f2d5de19e11cc3a0ad88acd5018
editions/research/bdrc/batch-05-boundaries/dege-W3KG763/101.jpg,453833,bdd2cbfe9e0d8525f4ba498fdd03b8c790fdefdf10f1c840e1cc06534d4251b8
editions/research/bdrc/batch-05-boundaries/dege-W3KG763/158.jpg,499230,3a0c625fb90e947334c03ac7b2c0b6bf155dfd1f96b88184f7081d329b11e098
editions/research/bdrc/batch-05-boundaries/dege-W3KG763/159.jpg,453165,db58e28be3c3fae04fc499f7023358498a02229b1545d39488df96f708f31160
editions/research/bdrc/batch-05-boundaries/dege-W3KG763/160.jpg,476064,4e219c6048a341cb984718445a0f09f2b7133756e9ed506be4070743f33ff833
editions/research/bdrc/batch-05-boundaries/dege-W3KG763/161.jpg,453946,d01b904b33743bcdeeba535aeb75eb96dc433635cf59a3fe581beab8cf0b71f5
editions/research/bdrc/batch-05-boundaries/dege-W3KG763/99.jpg,484583,33893158473fa449e45f182acc525c50834950938cfebdd6ce9bebda3739bcd2
editions/research/bdrc/batch-05-boundaries/dege-W3KG763/samples.json,4823,211d605fcb06a71d4baa15497e5645f05e7ba63db7d70f10fa9010ea041cf29d
editions/research/bdrc/batch-05-boundaries/tsamdrak-1982/306.png,80904,43857bf86e8883eea40015889fa043513c6970884bc30394d4bac5b71fa9d66c
editions/research/bdrc/batch-05-boundaries/tsamdrak-1982/307.png,85284,e8d5567a39d88302a698cad82d9b63abaa718b72b52ada215f5957c4068fc52a
editions/research/bdrc/batch-05-boundaries/tsamdrak-1982/395.png,87941,6ae57928b3624c90de8cd73ad90c380386dec1f376f41b3f37ff24b214faa19d
editions/research/bdrc/batch-05-boundaries/tsamdrak-1982/396.png,86618,270f0ddd3c780c59a1547834c754f30f3560ef76d66bc8289f676efc156d17be
editions/research/bdrc/batch-05-boundaries/tsamdrak-1982/samples.json,3242,3433c69aa73aa827993e8380991633547d42a185caa616d0d65ba7b9a195eb11
editions/research/etexts-translations/batch-01.md,5091,64317e87328d2a4de88bfc13c5bc8d706d519a1223048c7a9b0e86f9a5e242d0
editions/research/etexts-translations/batch-03-search-scope.md,7155,63335176bc47e66a16b2bc150719e5bb975154d563681bdef5d36c01ebd05cfc
editions/research/etexts-translations/lotsawahouse-quotation.md,740,651f468d8031ae8c84e323aa82bbb44a11018e92456b120daf75847447e34a7e
editions/research/etexts-translations/search-metadata/adarshah-ngagyurnyingma-catalogue.json,538061,70562b5e3a702e63461456fe1eb6f5d1f7bc9160f8cb69438c716195bb05707d
editions/research/etexts-translations/search-metadata/manifest.json,1322,98ad1e2cb4835eebad9a6ebd905a71aa0cc68b63bb04adff906dbe10c6b9a7af
editions/research/etexts-translations/search-metadata/webuddhist-bo.json,51,e92980c3705f60ac71faac354bdd0069cf34e1631b3699118b58e3eeac5fc832
editions/research/etexts-translations/search-metadata/webuddhist-en.json,51,e92980c3705f60ac71faac354bdd0069cf34e1631b3699118b58e3eeac5fc832
editions/research/etexts-translations/search-metadata/webuddhist-wylie.json,51,e92980c3705f60ac71faac354bdd0069cf34e1631b3699118b58e3eeac5fc832
editions/research/etexts-translations/wikisource/README.md,3006,f27ae958c0615774a38e3c7fdf749beb5f4c71fadaa62c3f220ded134a728515
editions/research/etexts-translations/wikisource/manifest.json,4620,dec7061b0f0f4cf7127a45e746258efaaee1978a3b1063de619c3003646e007f
editions/research/etexts-translations/wikisource/tibetan-2010-raw.wiki,153512,098e40374c155032fc88909bf053af7b0aaf6290232013a93ae4a366a618908d
editions/research/etexts-translations/wikisource/tibetan-history.html,81158,c60c993392905133eacd9fbb85249cddc40043d30cb8744d647de2b0062d951f
editions/research/etexts-translations/wikisource/tibetan-page.html,222566,1f6aa94275a022abc028b9828a1243c61ef310e1b65825ce2cbcf3f1d9c98e87
editions/research/etexts-translations/wikisource/tibetan-raw.wiki,153644,3d888d525c101b879a5d866b63090b6e5aac91ba5a613d58328ccdb86d66f00b
editions/research/etexts-translations/wikisource/tibetan-talk-raw.wiki,250,0cae90d5e77934fdf382bebbe1555596a037601c1551bf881f7b6b06cc83f80e
editions/research/etexts-translations/wikisource/wylie-history.html,65884,193ee52e491d61f5f3cba1aac4f3dd8b624d1a5368af1cd26e36766576e496ed
editions/research/etexts-translations/wikisource/wylie-page.html,122432,f9f493822cea9bea84602a94be2bc15aaefaccd1692d781288d7348db25132e9
editions/research/etexts-translations/wikisource/wylie-raw.wiki,63493,d26075bd2a164238d3c68a47a68e821a58d10092f9943350b4fefa8b6c5e3cdb
editions/research/etexts-translations/wikisource/wylie-talk-raw.wiki,250,56c09a8d7a4185872fc97f0e9e0493fa924c5a15e130f0b64e04e86d71c5c2fe
editions/research/external/batch2/README.md,8502,ca4c80a7f76bc2cec8b09a548dcb7aacfe2e5f22c232eca2b64e4ee8ab4e77b2
editions/research/external/batch2/bl-gangtey-a.html,44291,1050ff1bccf814b7093af30f2df12a1921ee7cb99a0480163e80c8f79569f760
editions/research/external/batch2/bl-gangtey-b.html,44291,d2641945f3eb5623aa7b695c6f27b5c842608b98a5b99c66672ac917ad51730e
editions/research/external/batch2/bl-phyag-len.html,41936,1b49cff357201a31013b88c66afe17f67817cf3a9bbbd3569b599f536d2fc030
editions/research/external/batch2/bl-tshamdrak.html,46895,6547b34dae63dca53c0ae491a2ba7a9aff8499d69b43f1db1fae2a09970b6b60
editions/research/external/batch2/cinii-spiti.html,53250,d5a3f5147eb6ebbf01e127a9cc4ea531c3139bb6c0637a120aef1384d3d28e9d
editions/research/external/batch2/handlist-Gcd.html,9860,63103fe1e9f205cb5d00e1fb7b0149e10428fab842b4cba51884d4faca38618c
editions/research/external/batch2/handlist-Ggm.html,307455,596e01c906f3ade3c06c493658d7d0e36a63276639f48073acaffb01958501f6
editions/research/external/batch2/handlist-Gkk.html,18645,c0bcce07cf375b5ef51757bd718a8a2657dae36982f2ba24e8a5abdbdee71e9c
editions/research/external/batch2/handlist-Gsg.html,123256,99e965682ee2a4e9b43f11e7dd5818484f34f16fccdb1951164f633f4d1056f7
editions/research/external/batch2/jtl-69.html,55989,0cd4b3f9188bcd07b4cefa83a28ea302c97c0d135216cd97cf22ab48879adc6f
editions/research/external/batch2/provenance.json,3337,f8bef9c15f5e31364fcda7a3c1b351dfaa9ecfe76800903c30e1a96bd90c4191
editions/research/external/batch3/README.md,4979,a7b9fbb33e1fa2b5f9320bd341646155ca30f15a63dc5599334a53d14bf243ac
editions/research/external/batch3/cinii-adzom-microfiche.html,53600,ede260a0d4095cb58e375d1dad1fee5b49773f8ca5166454374bafe3d71fa53e
editions/research/external/batch3/provenance.json,326,80765491efcd2c68944d2fb14c63549a21969cfee9e71bfbc484a17d15f7024a
editions/research/external/rkts/README.md,1990,f3c37e106a47add067d1584e617ff4b25b5d8c4cd07857b7233b59d3f5e04a9c
editions/research/external/rkts/collection-Gaz.html,8845,54ed1cd81628b63809464227b3a0b8139cd8f4e0bc11c05c00892320375cb089
editions/research/external/rkts/collection-Gcd.html,8827,03e88957d2664c7e8a44820341b4ae39c4c040f8065d0618ffb5cbd1c596dd69
editions/research/external/rkts/collection-Gcn.html,8832,4a94f6bf151044a2b53cdeac666c2571ff5db6f5e357b639758e1d80f13b09f2
editions/research/external/rkts/collection-Gcu.html,8831,727b4d5b0ac3f21fc6b6676aca9fc58ed1413ea46cfb0c4f74079413a425d515
editions/research/external/rkts/collection-Gdg.html,9243,b5d54ac5977895cb6ba1f5f21049b4a7521be8a9633d60ec7141b93edd94b578
editions/research/external/rkts/collection-Gdk.html,8244,afd2b2008d1ed6bf9f827bcc4cd2b3d3ccbc160db1f6f9db63cbf272702fb37f
editions/research/external/rkts/collection-Ggb.html,8522,7ec642af045d8b462926ab24ad2ecde283c24dcad14ad73356f42efbfc0fb503
editions/research/external/rkts/collection-Ggi.html,8257,8a0278ae7623027d89d58b38df4e4b03afccc4bd13902bfa9b319f8b3f8aa7fc
editions/research/external/rkts/collection-Ggk.html,8839,3a379b0759c442f1c762aa5edf9de6802f50b24f11d7bcf30a742e309f7ba6a5
editions/research/external/rkts/collection-Ggm.html,8896,80d84d53be4ff7cbd4e8fce8270a154fa058e82b6a2bc3a955c349b4621e8306
editions/research/external/rkts/collection-Ggp.html,8245,f30993e6002b73cf0af5f03b3a9a6191335b6db4848401d9540cd987a92018c8
editions/research/external/rkts/collection-Ggt.html,8884,315fa82a1b2c0782213f4bb95745453022d2c41a17a98e6f6d27ffcdc6ccfe12
editions/research/external/rkts/collection-Ggy.html,8810,62872831986b85d95ffd3b359969ccedd213fa620159b08da1a2fadbc41c5a27
editions/research/external/rkts/collection-Gkh.html,8895,6760272ee0c870ea925a30c5582d294ed5e611bc7fe173dc53c25877f5588c82
editions/research/external/rkts/collection-Gkk.html,8885,03767cc3dc24de549d7085ea0bed4dd796d1a1900527f74f665876eb75d76d0b
editions/research/external/rkts/collection-Glt.html,8897,bdfe8f43578362ff409af946bab41203fa58449a8593c97e2ce51c053801559d
editions/research/external/rkts/collection-Gna.html,8243,8cee8d75e6fdbc64ec61c75876e82264dc23630a5c7315acdeccb05bbd2ce54e
editions/research/external/rkts/collection-Gns.html,8883,3bcb1b40fea6ab0d6a97aafa0c107f0a115704b9277e4793e696f6d08dc41866
editions/research/external/rkts/collection-Gnu.html,8239,f88613468c9f4ad70900e84313b6b2689dfd32b9729459385fb6deef5fca011d
editions/research/external/rkts/collection-Gpb.html,8881,575272f47266d4e8eeef570e4d7c5947d7860a155ebed5255e7619d66c1c97a0
editions/research/external/rkts/collection-Gpg.html,8243,00ccbc0741ef824326ba39bc02349018265afa06ec5e5d758b075f1407dfff56
editions/research/external/rkts/collection-Gsg.html,8859,76760fc8a35811898bab18c4a57999eca234ed5a2a13c11b0d965769d7666a7c
editions/research/external/rkts/collection-Gtb.html,8812,b04a163df07239c313b9ae9ffaab975c94ea586363474a96d70b16191a1a8360
editions/research/external/rkts/collection-Gtk.html,8842,27fa42b023a88c0bb1e2f112d2a7bde053547735569a910ef9139726f8b0f7b8
editions/research/external/rkts/collection-Gtn.html,8821,138eb839ec9d7841571518e4419ce85a1166a062fcdeee3e6e0da85817344030
editions/research/external/rkts/collection-Gts.html,8810,6e1e28e26b0fb12f37ae3213984113b4916f0ce1bcf5797b74cbe0ffc6d4a259
editions/research/external/rkts/collections.html,47526,f2058af85d2ce9804a276125f5c0d4c45bec60ef5c0a9346846a1a12c7b92a4f
editions/research/external/rkts/g60.html,22467,0fd1fe8a1cf202590a9bb20cfe09bb40c983b84d6c7c78de95a4b71d8b0d1f2b
editions/research/external/rkts/manifestations.csv,4591,396c30a17ea3380fe3c1047b461a0da9a2adf438ed9836494ce9dcfce28d490b
editions/research/external/rkts/provenance.json,9018,37d8b2c5fc72f16f781c842399fa72b78972ce9f2ff1466f3c566714130ca3f7
editions/research/external/rkts/search-mu-tig.html,29225,04770789d507d81a052977b258e1fcc3f88dbe9870ab808e0bdbbaf408fc9c69
editions/scans/.gitkeep,0,e3b0c44298fc1c149afbf4c8996fb92427ae41e4649b934ca495991b7852b855
editions/scans/adzom-1973/iiif-response-images.zip,7759123,82ec9ea1255dc217ade08562b4400c29f2eb8c7d96f07b9c46814998ccbbfdac
editions/scans/adzom-1973/image-manifest.json,71585,542db7caa2ec0ae1ea2b584a506fe24d76b5aa038a134814a6bd1b19f1df1851
editions/scans/adzom-1973/mu-tig-phreng-ba.pdf,7809773,2b5b21096d0a0fddbea52dc8b31f6e1b0478917722d660a275e474948f29de87
editions/scans/adzom-2000/boundary/00309.png,67231,c6fddd69d7707286569f4f6ca9d515641392c11483d8a19b95caa46bde7c070e
editions/scans/adzom-2000/boundary/00310.png,125913,1a7de4a9987b6ce18dae389413148dd34df9e9d7e73d18bcc199920771a5b917
editions/scans/adzom-2000/boundary/00311.png,146212,b9b847e9db2ad6d180ea992cfec25d7064d039ee625b50006abb5bb05bc882a4
editions/scans/adzom-2000/boundary/00429.png,126457,3bd1f62870b1759993459304935c2b8496957eb98aa60451d6d68339b549a76f
editions/scans/adzom-2000/boundary/00430.png,5688,41e07ac9f36a8baf90308f37e25e01ed09e50d1587c154a84d571fe77e8068c6
editions/scans/adzom-2000/boundary-manifest.json,4308,663aa8a1b6afa5061d4ad8fd250c64e200262196ca0b4024a23790dbc4f6895a
editions/scans/adzom-2000/iiif-response-images.zip,23018894,4a017593c97afe4a77d7de09c9697b8cfed64de59c28bc4f40738a5fc35f9aae
editions/scans/adzom-2000/image-manifest.json,92241,71e929524929e1c19ab40627e9bcbcc09a3bb1b8becd24d10f52e5d5f10f7076
editions/scans/adzom-2000/mu-tig-phreng-ba.pdf,23063655,485b6a96d648560479fb04390041b7eb29d7b82081892231158ef9e7cb46e531
editions/scans/dege-W1ER7/boundary/00098.jpg,579262,ebe78d9917942942516c9e82c71160a2cc2b0ef5e1014ced984416003fa509d6
editions/scans/dege-W1ER7/boundary/00099.jpg,581137,83e5b315e16f88247067c87a3d2bcd889f783dcfd177a0d19c99651c57473b94
editions/scans/dege-W1ER7/boundary/00100.jpg,557867,c6caaf3f85d1c78cbc43edc1278ad1b342e3201bad6da4630961ab3fd5378ec1
editions/scans/dege-W1ER7/boundary/00160.jpg,586322,cccd44337f151448c5a3c435fedcf3a5374f508dcf41999a15dea06e8db19010
editions/scans/dege-W1ER7/boundary/00161.jpg,579382,4225f713661a82aafc083f1000b172b9158e02ddb7efcd4df4f91598bf2d40b3
editions/scans/dege-W1ER7/boundary-manifest.json,3458,4f2a07f1e89242f054769db37f9e69bf1f7bec0862657dbfc6cfd83f7d842bf8
editions/scans/dege-W21939/boundary/00100.jpg,155364,c9306ba77eddcbbd354579e2e77831860ed99a6395161324dd090b24da472b24
editions/scans/dege-W21939/boundary/00101.jpg,155243,6379ed37695fe2cbd4e8a5bfa3282aa633cb81f1fa69d8267ca67c08d3600297
editions/scans/dege-W21939/boundary/00102.jpg,143284,3afa1a607df35b2343ba1887f8dd79853934bc1346ee07da1af547654e1ac57c
editions/scans/dege-W21939/boundary/00160.jpg,120458,803efbd0586d88a1ffebd3822eacd36dd7e89a043ec26ffbc7065bf3fc52b1b8
editions/scans/dege-W21939/boundary/00161.jpg,136890,49de9b4d1a2d969faba67bfc6bdf88e2f8fbf73fdfa0e6720d26decb4ad9bab7
editions/scans/dege-W21939/boundary-manifest.json,4220,27e8d6d6b21776c1c2daa1b3ce8ce0ba1242bcb6d5b6cb79cd0d204069855fdb
editions/scans/dege-W21939/iiif-response-images.zip,7917063,a80a475cb76bd6478e682170d9e3288d3cf475c3dadeb50c5067ce0930d05c25
editions/scans/dege-W21939/image-manifest.json,45019,ab08f3886391a3a657f56c065228cba27a661a5cd662a3bc0cdb8510b7bb1cee
editions/scans/dege-W21939/mu-tig-phreng-ba.pdf,7942766,69d84d2512521b96c4e7c058c429863de83a84195613c9fb229cfc3ca6efc9c3
editions/scans/dege-W3KG763/iiif-response-images.zip,28697739,6db71c90cafed9f43fab35b2b00b316e7a1c86dad8bef22933cb615acb3d8445
editions/scans/dege-W3KG763/image-manifest.json,36204,3e72b963295b43e0c1b211b4de21835c561be37b18b711b405fc4cfa2d67b1b0
editions/scans/dege-W3KG763/mu-tig-phreng-ba.pdf,28723057,7e14c891f0b59c24675d9554f6974d1c7b5ea0b9b2a9df47894c78f968f6dfc0
editions/scans/dzongsar-manuscript/boundary/00262.jpg,219132,462b448c48e348806d9a8a87d73fd96d431f1affb9c6e5e829389b40f2bf5cd2
editions/scans/dzongsar-manuscript/boundary/00263.jpg,184458,2ea9f15666d8897f7477242f77b769f3e64ba3cf4b2bab97641c6624e1a53b1c
editions/scans/dzongsar-manuscript/boundary/00264.jpg,372045,872eeb1fd14c991d08a3f3cdbfd1e76535f70a21151332c01f2e94ebb512b425
editions/scans/dzongsar-manuscript/boundary/00399.jpg,333600,00445764b64fadee003ce51bd66f1df81dd8c06e25259d5a79cd5d6aaceba33c
editions/scans/dzongsar-manuscript/boundary/00400.jpg,126112,43a25bd552a6f0543d1494445815526f9112c270e6cc906949d037beca4f3a56
editions/scans/dzongsar-manuscript/boundary/00401.jpg,326337,e918d5612b78baaf335aa236ebd959e41603d028d04c31973311b6ace1017eba
editions/scans/dzongsar-manuscript/boundary-manifest.json,4094,eea48e456536dbd244584b30c6a7e17a1a6dc3ba13d0097384546c38287f6c2f
editions/scans/dzongsar-manuscript/iiif-response-images.zip,46437882,9957ce33893bbef8da0b0faf127fca73c84aee549bc2fb842a6b17c96034d080
editions/scans/dzongsar-manuscript/image-manifest.json,82239,a595a6a2fd68c527ded9e608f85f55fa452c82a353ccd9e79a2aa18ced12accf
editions/scans/dzongsar-manuscript/mu-tig-phreng-ba.pdf,46495533,8d49002cd6b100e689cde03a29e5597a9aff416a930b52588b9c70bcfd310097
editions/scans/gadkar-manuscript/boundary/00925.jpg,614286,b55900b2593558ac3c6ced4d777ef71afc05dc8ec1a7ad93fe3dfd36be4bb2fe
editions/scans/gadkar-manuscript/boundary/00926.jpg,631741,05db04d068e794b8dad48d229ff480f9b5cafda203e10b65ea3f3752fcc58fcb
editions/scans/gadkar-manuscript/boundary/00927.jpg,630321,d49a0de5a6d9695131030136541d034bc9235c08bb3e8af8f6476916f1a43095
editions/scans/gadkar-manuscript/boundary/01013.jpg,663669,2ee3c554b0845734f73424e9e7ae85836b2dc642b914b39236e00f29b0d3a2ed
editions/scans/gadkar-manuscript/boundary/01014.jpg,719344,c52019759d12e6132c644d952684e25d4f7a58fddf29492184c614ef693328be
editions/scans/gadkar-manuscript/boundary/01015.jpg,592155,162e97b8874c6e1dba3e9438453cdd4b1b8a44d2e4f754c9f9fa3e391ef3d3e1
editions/scans/gadkar-manuscript/boundary-manifest.json,5147,a05f9fad020417dedd0237ccd3a272183dec49ae6043b60920588758bb632303
editions/scans/gadkar-manuscript/iiif-response-images.zip,60620582,03abe6ffd595de39bd0f09bfd670bfbec919b1c93af496f02d656e3fc1e63c63
editions/scans/gadkar-manuscript/image-manifest.json,68167,8088e11cec02ee834906646164970330355b212a8157dd1b8bd9852a469ec6de
editions/scans/gadkar-manuscript/mu-tig-phreng-ba.pdf,60657448,474f7abebf3c2923c32e88ceefa0fc9cf41930be944d641ae63986eb2f3c1267
editions/scans/langtang-manuscript/boundary/00002.jpg,303084,fb34e8d0442cb40844ddcff085b85d674120d3c7c93e37e2546b965f52c7581b
editions/scans/langtang-manuscript/boundary/00003.jpg,369284,444277d275ab93247469b74501d2f6e42ee2c410c06624af402343c44fecabb2
editions/scans/langtang-manuscript/boundary/00151.jpg,427822,83baf5e28b6a64eab7c8b386e7667e7760600eddea71c7e5c95fbd6d2b8831d2
editions/scans/langtang-manuscript/boundary/00152.jpg,374289,c3591c4990cff31bcd83cdf103c9befb9144bd3a908552ed98dee19a56a99a93
editions/scans/langtang-manuscript/boundary-manifest.json,3523,3a585ea7c64a5204425fa5f80e0dc1f7e8624600979ee2ef0e65ecd16a4f9569
editions/scans/langtang-manuscript/iiif-response-images.zip,63466211,5f2f90768351b51c0f680a7478c549ec1b3ae3a9f46dc3781f078c757898daf4
editions/scans/langtang-manuscript/image-manifest.json,111799,3806321f927470388ad5d1b16a7effa48858453c365f5d97e97e860a750ea7d1
editions/scans/langtang-manuscript/mu-tig-phreng-ba.pdf,63526737,7a02d3f5b298daf06db99a507af4ceba8948b67646837c9792949b93c525e430
editions/scans/ngmpp-W1ER119/boundary/00002.jpg,361854,4a88ce6d930132577438389e603d5653f415e4c4917e8aa1f7acebdb94293a7a
editions/scans/ngmpp-W1ER119/boundary/00003.jpg,354064,a787e3bdc06dba56767a20b5738d5182bfcb359c85b87a132178c457b5442e86
editions/scans/ngmpp-W1ER119/boundary/00004.jpg,380050,687f03705ede25bef3c7cbde059e1678c8b03c992ea1279e5ccc2afc5dee00c6
editions/scans/ngmpp-W1ER119/boundary/00083.jpg,403773,acfcc88e70592cea8d3ece4f04fe5619ab7cb2f2107eca8c998f9a0d8420a7bb
editions/scans/ngmpp-W1ER119/boundary/00084.jpg,360541,77c0a81e6195562f86ca2956f5f93bbf44b1c82b5892299c1753582b95fe6410
editions/scans/ngmpp-W1ER119/boundary/00085.jpg,361516,6ad35c0ef50d4cf19982e6ccc97249dac8d63041912bed9d45c9e01716b4a66b
editions/scans/ngmpp-W1ER119/boundary-manifest.json,4987,dd60101f591edf8f4f4341f5525074053c1ad6e277de6bceacb756237d20977e
editions/scans/ngmpp-W1ER119/iiif-response-images.zip,31652361,6de213ae5cc9085578a2bf56d6e23f70eadf9116fdf8aff925cf9fcd5efcd5f9
editions/scans/ngmpp-W1ER119/image-manifest.json,58080,f82ddc209df0bcde1ad2c6916350504295b104bbf6b2092b1c6a5dd1cafac27a
editions/scans/ngmpp-W1ER119/mu-tig-phreng-ba.pdf,31683988,0465a71add38cb07276490d59afe144e87f6ce0795adcccba88f7946bde46302
editions/scans/tharpaling-1983/boundary/00270.png,36766,b8bd6993f8b636473a5b7d85addf006a925393cc37f2135d4df678904ae96db5
editions/scans/tharpaling-1983/boundary/00271.png,35876,bd93f5f90bd1f1f1b2f3a6e6ea6cfdc5fff593289ee042978d85d577b8f28135
editions/scans/tharpaling-1983/boundary/00272.png,34513,d7f11e24b5836a6932f819b1a08152e1d7ea3d33c2876d6faacdaa38b22aa2a4
editions/scans/tharpaling-1983/boundary/00354.png,36349,f5b79b4731d46f40a54a59c427065a4feb65d3bc85f24bfb94942700cfdff90d
editions/scans/tharpaling-1983/boundary/00355.png,42296,a28acdcf0a48fc29b3f85546a4d6b18eb06c43e55cfad6a15ade9d7398f17852
editions/scans/tharpaling-1983/boundary-manifest.json,3418,b2afe0801f29e8eebf578fd544e1663e5f361d1fbc5c972c97bea08e37733240
editions/scans/tharpaling-1983/iiif-response-images.zip,3229087,49b92c7d1987318515081aa2eeacb83e257d2c616c659b5b9019c8e1cf38be4a
editions/scans/tharpaling-1983/image-manifest.json,49682,d592aa185f46c6c8d950223f57066ea957df26d66b653cb25f2055bdac66fc33
editions/scans/tharpaling-1983/mu-tig-phreng-ba.pdf,3265541,ee10e312447cb3b389f49f68bdce48eb9ed65906099b3139d53dcf5165d82283
editions/scans/tingkye-1973/boundary/00530.png,98593,8c68102ea40b85b514c36a29741270c607e563a2c017de73080d8e1afb31dbb5
editions/scans/tingkye-1973/boundary/00531.png,82977,f758b106cb2ea40816a0ccb08a03fda28047706d93096dec7cc82a3ffe990700
editions/scans/tingkye-1973/boundary/00532.png,98851,e544faacee3f1e6fc08626fb070ae3d9e65fe467f0772d2403ed6c4f809f7b67
editions/scans/tingkye-1973/boundary/00584.png,100621,b4e5ee3a1616eaca2eccb43bd520ab3547b9e43cd0d684cee8f992c5c8570d63
editions/scans/tingkye-1973/boundary/00585.png,93668,fdca565dcc77c886afe04da910c787bf721aef0f796474779f3fba96748c4240
editions/scans/tingkye-1973/boundary/00586.png,84525,244d885ac496350d3304ff83cb9d94d8b62501ea9e580fc5137ec867fb8921cc
editions/scans/tingkye-1973/boundary-manifest.json,4972,76cefe6467d50a8f100aec1d2e0db2857f57030e79af7b2aa11372e256b57719
editions/scans/tingkye-1973/iiif-response-images.zip,5298855,3b014399fcd61fd60197ea8cc27c3ad5853895419253aa731f26a91d78b1516c
editions/scans/tingkye-1973/image-manifest.json,41453,873628cbfca29fb778b3444e92a3e200a6c068a1b281da6329cd5e5ad39d130d
editions/scans/tingkye-1973/mu-tig-phreng-ba.pdf,5321699,d70351bd8a0898cb09a1f8e217d6e87f2c92fe96b2b903941eba94cddad5fe0e
editions/scans/tsamdrak-1982/iiif-response-images.zip,7497206,054083d59612c692bbbe833c16c1778b9824ef4e0a1d77b2780fdf909236b895
editions/scans/tsamdrak-1982/image-manifest.json,67313,1e0aaae1402c3fb00b7cf9a9ff718adccb88ea604d527bbe0b2bf14b20268ebf
editions/scans/tsamdrak-1982/mu-tig-phreng-ba.pdf,7534423,b4b6ebc2a2b965fa5a6a19040368c555a4df0a86c34096aeb126c617e2396676
editions/scans/zhichen-manuscript/boundary/00217.jpg,149522,94f4c7a27b718fa919022ed8b49b1c2e445aa8b01752dbc8c7d935b69f101f41
editions/scans/zhichen-manuscript/boundary/00218.jpg,225645,a8d5f8bb0d9908fbf45b47a99b6fe926f390989e3e8618bb9378cca610395cd9
editions/scans/zhichen-manuscript/boundary/00219.jpg,210013,eff45b7024e40fc94eca369583768362756bd54ff22d0647a0c020b85dcc8811
editions/scans/zhichen-manuscript/boundary/00291.jpg,188167,303f6580ba0387468531b03eba6b6944c0a38c0d57a9586f766873b588ea02da
editions/scans/zhichen-manuscript/boundary/00292.jpg,177302,2a9c2b1962a715b0153d8b26927df0fb60d6355190157007d5d5704be679c80c
editions/scans/zhichen-manuscript/boundary/00293.jpg,149991,b1e705b23528db71c32878b89c98ae484a2f1cef54c2d023bf5c100d201497ac
editions/scans/zhichen-manuscript/boundary-manifest.json,5075,3fb43bf08e9c38aff967e290754597f5585f691409d532888b6e3a102f7284da
editions/scans/zhichen-manuscript/iiif-response-images.zip,17340824,8eb4a05f393326c6cb003e27400fb79c8b783f55a16decf51c9f10cc53290182
editions/scans/zhichen-manuscript/image-manifest.json,58161,562a376591527d3a46b4e761abfee7000cd1736b46235d1e1b0fe58c8f824801
editions/scans/zhichen-manuscript/mu-tig-phreng-ba.pdf,17389221,57a248000491f4cfd51776f403ed8cce559f12a4710560714c684206336a6816
