source_id,siglum,kind,title,path,physical_exemplar,independence_status,role,sha256,provenance,coverage,notes
adzom-2000,adzom-2000,acquired facsimile manifestation,"Adzom four-volume reprint, 2000",editions/scans/adzom-2000/mu-tig-phreng-ba.pdf,W1KG11703,same printing base as adzom-1973,comparison; no governing witness selected,485b6a96d648560479fb04390041b7eb29d7b82081892231158ef9e7cb46e531,https://library.bdrc.io/show/bdr:W1KG11703; editions/scans/adzom-2000/image-manifest.json,"v3; image309–429; acquired 121 image pages; requested indices [309, 429]",Title page included before catalogued body. I1KG11712. Original response ZIP and page hashes in same directory. Missing manifest indices: []. Rights: https://creativecommons.org/publicdomain/mark/1.0/.
adzom-1973,adzom-1973,acquired facsimile manifestation,"Sanje Dorje Adzom three-volume reprint, 1973–1977",editions/scans/adzom-1973/mu-tig-phreng-ba.pdf,W1KG892,same printing base as adzom-2000,comparison; no governing witness selected,2b5b21096d0a0fddbea52dc8b31f6e1b0478917722d660a275e474948f29de87,https://library.bdrc.io/show/bdr:W1KG892; editions/scans/adzom-1973/image-manifest.json,"v2; printed417–537; acquired 121 image pages; requested indices [427, 547]",I1KG895; BDRC bibliography explicitly identifies common printing base. Original response ZIP and page hashes in same directory. Missing manifest indices: []. Rights: https://creativecommons.org/publicdomain/mark/1.0/.
tharpaling-1983,tharpaling-1983,acquired facsimile manifestation,"Tharpaling / Drug Sherig Press, 1983",editions/scans/tharpaling-1983/mu-tig-phreng-ba.pdf,W27491,unestablished,comparison; no governing witness selected,ee10e312447cb3b389f49f68bdce48eb9ed65906099b3139d53dcf5165d82283,https://library.bdrc.io/show/bdr:W27491; editions/scans/tharpaling-1983/image-manifest.json,"v2; image270–354; acquired 85 image pages; requested indices [270, 354]",I4448; both boundary pages shared with adjacent works. Original response ZIP and page hashes in same directory. Missing manifest indices: []. Rights: https://creativecommons.org/publicdomain/mark/1.0/.
dzongsar-manuscript,dzongsar-manuscript,acquired facsimile manifestation,Dzongsar manuscript,editions/scans/dzongsar-manuscript/mu-tig-phreng-ba.pdf,W3PD988,unestablished,comparison; no governing witness selected,8d49002cd6b100e689cde03a29e5597a9aff416a930b52588b9c70bcfd310097,https://library.bdrc.io/show/bdr:W3PD988; editions/scans/dzongsar-manuscript/image-manifest.json,"v148; image263–400; acquired 138 image pages; requested indices [263, 400]",I3PD1346; title and blank end included. Original response ZIP and page hashes in same directory. Missing manifest indices: []. Rights: https://creativecommons.org/publicdomain/mark/1.0/.
tsamdrak-1982,tsamdrak-1982,acquired facsimile manifestation,"Tsamdrak facsimile, 1982",editions/scans/tsamdrak-1982/mu-tig-phreng-ba.pdf,W21521,unestablished,comparison; no governing witness selected,b4b6ebc2a2b965fa5a6a19040368c555a4df0a86c34096aeb126c617e2396676,https://library.bdrc.io/show/bdr:W21521; editions/scans/tsamdrak-1982/image-manifest.json,"v12; printed304.7–393.7; acquired 90 image pages; requested indices [306, 395]",I0615; relationship to original EAP manuscript retained. Original response ZIP and page hashes in same directory. Missing manifest indices: []. Rights: https://creativecommons.org/publicdomain/mark/1.0/.
tingkye-1973,tingkye-1973,acquired facsimile manifestation,"Tingkye facsimile, 1973",editions/scans/tingkye-1973/mu-tig-phreng-ba.pdf,W21518,unestablished,comparison; no governing witness selected,d70351bd8a0898cb09a1f8e217d6e87f2c92fe96b2b903941eba94cddad5fe0e,https://library.bdrc.io/show/bdr:W21518; editions/scans/tingkye-1973/image-manifest.json,"v9; image531–585; acquired 55 image pages; requested indices [531, 585]",I1764; printed523–577. Original response ZIP and page hashes in same directory. Missing manifest indices: []. Rights: https://creativecommons.org/publicdomain/mark/1.0/.
zhichen-manuscript,zhichen-manuscript,acquired facsimile manifestation,"Zhichen manuscript, reorganized scans",editions/scans/zhichen-manuscript/mu-tig-phreng-ba.pdf,W2PD17382,same digitization as W1ER152,comparison; no governing witness selected,57a248000491f4cfd51776f403ed8cce559f12a4710560714c684206336a6816,https://library.bdrc.io/show/bdr:W2PD17382; editions/scans/zhichen-manuscript/image-manifest.json,"v38; image217–292; acquired 76 image pages; requested indices [217, 292]",I1KG81310; title217 precedes catalogue body218. Original response ZIP and page hashes in same directory. Missing manifest indices: []. Rights: https://creativecommons.org/publicdomain/mark/1.0/.
gadkar-manuscript,gadkar-manuscript,acquired facsimile manifestation,"Gadkar manuscript, rKTs rearrangement",editions/scans/gadkar-manuscript/mu-tig-phreng-ba.pdf,W1ER156,same manuscript and images as W1BL6,comparison; no governing witness selected,474f7abebf3c2923c32e88ceefa0fc9cf41930be944d641ae63986eb2f3c1267,https://library.bdrc.io/show/bdr:W1ER156; editions/scans/gadkar-manuscript/image-manifest.json,"v32; image925–1014; title page included; acquired 90 image pages; requested indices [925, 1014]","I1ER907. Photographs Tibetan Manuscript Project Vienna 2023, CC BY-NC4.0; this overrides generic public-domain work label. Original response ZIP and page hashes in same directory. Missing manifest indices: []. Rights: https://creativecommons.org/licenses/by-nc/4.0/."
ngmpp-W1ER119,ngmpp-W1ER119,acquired facsimile manifestation,"Seventeen Tantras manuscript, NGMPP AT0062/0063",editions/scans/ngmpp-W1ER119/mu-tig-phreng-ba.pdf,W1ER119,unestablished,comparison; no governing witness selected,0465a71add38cb07276490d59afe144e87f6ce0795adcccba88f7946bde46302,https://library.bdrc.io/show/bdr:W1ER119; editions/scans/ngmpp-W1ER119/image-manifest.json,"v6; image2–84; acquired 77 image pages; requested indices [2, 84]","I1ER795. Six unexposed indices56,57,64,65,70,71; not proof of lost textual pages. Provenance unresolved. Original response ZIP and page hashes in same directory. Missing manifest indices: [56, 57, 64, 65, 70, 71]. Rights: https://creativecommons.org/publicdomain/mark/1.0/."
langtang-manuscript,langtang-manuscript,acquired facsimile manifestation,Langtang manuscript,editions/scans/langtang-manuscript/mu-tig-phreng-ba.pdf,W1ER124,unestablished,comparison; no governing witness selected,7a02d3f5b298daf06db99a507af4ceba8948b67646837c9792949b93c525e430,https://library.bdrc.io/show/bdr:W1ER124; editions/scans/langtang-manuscript/image-manifest.json,"v9; ff1b–75a; title1a included; acquired 149 image pages; requested indices [2, 152]","I1ER806. Two unexposed image indices, see image manifest. Original response ZIP and page hashes in same directory. Missing manifest indices: [84, 85]. Rights: https://creativecommons.org/publicdomain/mark/1.0/."
dege-W1ER7,dege-W1ER7,catalogued manifestation,"Degé print, W1ER7 copy",editions/metadata/dege-W1ER7/volume-manifest.json,W1ER7,newly recut Degé replica blocks; textual independence unestablished,comparison; no governing witness selected,db3b9ce67e6dd58da9efca6e52dfec13089e7ee5eaa015e7b6a8b10f7b687d83,https://library.bdrc.io/show/bdr:W1ER7,v4; ff50a–79b,I1ER176; full extract deferred pending scan/folio boundary mapping.
dege-W21939,dege-W21939,acquired facsimile manifestation,"Degé print, W21939 copy",editions/scans/dege-W21939/mu-tig-phreng-ba.pdf,W21939,same block-edition family; copy relationship unestablished,comparison; no governing witness selected,69d84d2512521b96c4e7c058c429863de83a84195613c9fb229cfc3ca6efc9c3,https://library.bdrc.io/show/bdr:W21939; editions/scans/dege-W21939/image-manifest.json,"v4; ff50a–79b; image101–160; acquired 60 image pages; requested indices [101, 160]",I6324; weak print; exact manifest labels mapped. Original response ZIP and page hashes in same directory. Missing manifest indices: []. Rights: https://creativecommons.org/publicdomain/mark/1.0/.
gnubs-manuscript,gnubs-manuscript,catalogued manifestation,Gnubs gsang sngags chos gling manuscript,editions/CATALOGUE.md,W1ER27,unestablished,comparison; no governing witness selected,1576bc373d6d98b72e9ed777804aa282044022ece956945f960e8bf4632d004e,https://library.bdrc.io/show/bdr:W1ER27,v6; ff214a–233b,I1ER139 returned401. Distinct from Nubri lead.
gcn-manuscript,gcn-manuscript,catalogued manifestation,Gcn Seventeen Tantras manuscript,editions/CATALOGUE.md,W1ER128,unestablished,comparison; no governing witness selected,1576bc373d6d98b72e9ed777804aa282044022ece956945f960e8bf4632d004e,https://library.bdrc.io/show/bdr:W1ER128,logicalv9; ff1b–40a,Synthetic rKTs group I1ER128-9 not mapped to three BDRC digital groups.
rigzin-tshewang-norbu,rigzin-tshewang-norbu,catalogued manifestation,Rigzin Tshewang Norbu manuscript,editions/CATALOGUE.md,W2PD19896,unestablished,comparison; no governing witness selected,1576bc373d6d98b72e9ed777804aa282044022ece956945f960e8bf4632d004e,https://library.bdrc.io/show/bdr:W2PD19896,v10; ff122a4–145b6,rKTs location; correspondence with digitalv10 unresolved. Tested I2PD20022–24 returned401.
paltseg-2009,paltseg-2009,catalogued manifestation,"Paltség compilation, 2009",editions/CATALOGUE.md,W1KG14783,unestablished,comparison; no governing witness selected,1576bc373d6d98b72e9ed777804aa282044022ece956945f960e8bf4632d004e,https://library.bdrc.io/show/bdr:W1KG14783,v5; image332–424,I1KG21610.41-preview images exclude target. Catalogue part volume0 anomaly resolved to digitalv5.
ctrc-49vol,ctrc-49vol,catalogued manifestation,"China Tibetology Research Center compilation, 49vol",editions/CATALOGUE.md,W3CN3207,unestablished,comparison; no governing witness selected,1576bc373d6d98b72e9ed777804aa282044022ece956945f960e8bf4632d004e,https://library.bdrc.io/show/bdr:W3CN3207,v4; image136–201,I3CN3237.41-image preview only; distinct from Sichuan2016.
sichuan-2016,sichuan-2016,catalogued manifestation,"Sichuan Seventeen Tantras, 2016",editions/CATALOGUE.md,W3CN7084,unestablished,comparison; no governing witness selected,1576bc373d6d98b72e9ed777804aa282044022ece956945f960e8bf4632d004e,https://library.bdrc.io/show/bdr:W3CN7084,two-volume collection; root item12; exact extent unresolved,I3CN8461/8462 each41-image preview.
gangtey-a,gangtey-a,catalogued manifestation,Gangtey A Nyingma Gyübum,editions/CATALOGUE.md,MWEAP039-1-3-1,unestablished,comparison; no governing witness selected,1576bc373d6d98b72e9ed777804aa282044022ece956945f960e8bf4632d004e,https://library.bdrc.io/show/bdr:MWEAP039-1-3-1,rKTs Ggt v12Na ff137a8–174a7; A/B attribution requires reconciliation,Different published Gangtey-B locator no295 ff139b–180a. Reproduction requires written monastery permission.
gangtey-b,gangtey-b,catalogue lead,Gangtey B Nyingma Gyübum,editions/CATALOGUE.md,MWEAP039-1-3-2,unestablished,comparison; no governing witness selected,1576bc373d6d98b72e9ed777804aa282044022ece956945f960e8bf4632d004e,https://library.bdrc.io/show/bdr:MWEAP039-1-3-2,reported Gangtey-B no295 v12Na ff139b–180a; EAP A/B mapping unresolved,Do not assert correspondence with rKTs Ggt. Reproduction requires written monastery permission.
gangtey-private17,gangtey-private17,catalogued manifestation,Gangtey private Seventeen Tantras manuscript,editions/CATALOGUE.md,MWEAP039-1-4-259,unestablished,comparison; no governing witness selected,1576bc373d6d98b72e9ed777804aa282044022ece956945f960e8bf4632d004e,https://library.bdrc.io/show/bdr:MWEAP039-1-4-259,Pearls item9 of17; exact extent unresolved,BDRC Tibetan bibliography names root. EAP reproduction permission applies.
tsamdrak-original,tsamdrak-original,physical-witness lead,Original Tshamdrak Nyingma Gyübum,editions/CATALOGUE.md,MWEAP310-4-1,physical source relationship to tsamdrak-1982,comparison; no governing witness selected,1576bc373d6d98b72e9ed777804aa282044022ece956945f960e8bf4632d004e,https://library.bdrc.io/show/bdr:MWEAP310-4-1,v12Na root location requires direct mapping,EAP catalogue; not automatically an independent textual witness from facsimile.
taipei-1991,taipei-1991,catalogued manifestation,"Barber Taipei Tibetan Tripitaka, 1991",editions/research/external/batch3/README.md,,unestablished,comparison; no governing witness selected,a7b9fbb33e1fa2b5f9320bd341646155ca30f15a63dc5599334a53d14bf243ac,,v56; chapter6 citedp169; another passagep173; full extent unresolved,RET14p63 and JTL69 citations; facsimile not acquired.
dege-W3KG763,dege-W3KG763,acquired facsimile manifestation,"New Degé print, W3KG763 copy",editions/scans/dege-W3KG763/mu-tig-phreng-ba.pdf,W3KG763,same block-edition family; copy relationship unestablished,comparison; no governing witness selected,7e14c891f0b59c24675d9554f6974d1c7b5ea0b9b2a9df47894c78f968f6dfc0,https://library.bdrc.io/show/bdr:W3KG763; editions/scans/dege-W3KG763/image-manifest.json,"v4 I3KG2269; image101–160; root title and closing visually confirmed; acquired 60 image pages; requested indices [101, 160]", Original response ZIP and page hashes in same directory. Missing manifest indices: []. Rights: https://creativecommons.org/publicdomain/mark/1.0/.
dege-W3KG436,dege-W3KG436,collection lead,Degé kha/nga two-volume copy,editions/metadata/dege-W3KG436/volume-manifest.json,W3KG436,same block-edition family; copy relationship unestablished,comparison; no governing witness selected,3cc605a38f5911fa0d85a7decde4bd7f5eaf305315b35cfcce76e1ef560454c9,https://library.bdrc.io/show/bdr:W3KG436,digitalv2 I3KG1191; root range pending,
nak-ngmpp,nak-ngmpp,unresolved collection lead,Kathmandu NAK illuminated Nyingma Gyübum,editions/research/external/batch2/README.md,,unestablished,comparison; no governing witness selected,ca4c80a7f76bc2cec8b09a548dcb7aacfe2e5f22c232eca2b64e4ee8ab4e77b2,,,NGMPP AT1/1–AT25;35surviving of presumed37; root unidentified.
nubri-ngmpp,nubri-ngmpp,unresolved collection lead,Nubri manuscript,editions/research/external/batch2/README.md,,unestablished,comparison; no governing witness selected,ca4c80a7f76bc2cec8b09a548dcb7aacfe2e5f22c232eca2b64e4ee8ab4e77b2,,,NGMPP L426/4–L448/1; root unidentified. Distinct Gnubs.
dongkarla,dongkarla,unresolved collection lead,Dongkarla manuscript,editions/research/external/batch2/README.md,,unestablished,comparison; no governing witness selected,ca4c80a7f76bc2cec8b09a548dcb7aacfe2e5f22c232eca2b64e4ee8ab4e77b2,,,"28vol, Hamburg/PBWH2012; root unidentified."
spa-sgar,spa-sgar,unresolved collection lead,Spa-sgar manuscript,editions/research/external/batch2/README.md,,unestablished,comparison; no governing witness selected,ca4c80a7f76bc2cec8b09a548dcb7aacfe2e5f22c232eca2b64e4ee8ab4e77b2,,,46vol digitized2012; physical collection destroyed fire29Feb2012; root unidentified.
sangyeling,sangyeling,unresolved collection lead,Sangyeling manuscript,editions/CATALOGUE.md,W1KG16449,unestablished,comparison; no governing witness selected,1576bc373d6d98b72e9ed777804aa282044022ece956945f960e8bf4632d004e,https://library.bdrc.io/show/bdr:W1KG16449,,"Missing whole volumes11,12,41. Pearls absence not established."
drametse,drametse,unresolved collection lead,Drametse manuscript,editions/CATALOGUE.md,MWEAP105-1-1,unestablished,comparison; no governing witness selected,1576bc373d6d98b72e9ed777804aa282044022ece956945f960e8bf4632d004e,https://library.bdrc.io/show/bdr:MWEAP105-1-1,,No root-title handlist hit; unidentified12.2 remains unresolved.
tingkye-supplement,tingkye-supplement,unresolved collection lead,Tingkye supplement,editions/CATALOGUE.md,W25815,unestablished,comparison; no governing witness selected,1576bc373d6d98b72e9ed777804aa282044022ece956945f960e8bf4632d004e,https://library.bdrc.io/show/bdr:W25815,,BDRC describes six supplementary volumes; rKTs handlist lists five volume numbers. No target-title handlist hit.
modern-58vol-etext,modern-58vol-etext,unresolved collection lead,58-volume computer-input Nyingma Gyübum,editions/CATALOGUE.md,W3CN26475,unestablished,comparison; no governing witness selected,1576bc373d6d98b72e9ed777804aa282044022ece956945f960e8bf4632d004e,https://library.bdrc.io/show/bdr:W3CN26475,,IE3CN26475; target location/provenance unresolved.
collection-stubs,collection-stubs,unresolved collection lead,rKTs sparse collection stubs,editions/research/external/batch2/README.md,,unestablished,comparison; no governing witness selected,ca4c80a7f76bc2cec8b09a548dcb7aacfe2e5f22c232eca2b64e4ee8ab4e77b2,,,"Ggi,Ggp,Gnu,Gna,Gdk,Gpg; see external catalogue notes."
spiti-source,spiti-source,unresolved collection lead,Spiti original monastery manuscript,editions/CATALOGUE.md,W21520,unestablished,comparison; no governing witness selected,1576bc373d6d98b72e9ed777804aa282044022ece956945f960e8bf4632d004e,https://library.bdrc.io/show/bdr:W21520,,Published1977 collection explicitly lacks Pearls; original monastery holdings remain an unconfirmed lead.
mustang,mustang,unresolved collection lead,Mustang collections,editions/research/external/batch2/README.md,,unestablished,comparison; no governing witness selected,ca4c80a7f76bc2cec8b09a548dcb7aacfe2e5f22c232eca2b64e4ee8ab4e77b2,,,No target-specific witness confirmed in bounded search.
valby-wylie,valby-wylie,electronic transcript,Wikisource Wylie transcript attributed to Jim Valby f69,editions/research/etexts-translations/wikisource/wylie-raw.wiki,,one transcript family with valby-tibetan; Adzom-derived,comparison; no governing witness selected,d26075bd2a164238d3c68a47a68e821a58d10092f9943350b4fefa8b6c5e3cdb,,fixed revision274319;2053 poem lines,Original f69 not found. Earlier unrelated Six Spaces paste excluded.
valby-tibetan,valby-tibetan,electronic transcript,Wikisource Tibetan transcript attributed to Jim Valby f69,editions/research/etexts-translations/wikisource/tibetan-raw.wiki,,one transcript family with valby-wylie; Adzom-derived,comparison; no governing witness selected,3d888d525c101b879a5d866b63090b6e5aac91ba5a613d58328ccdb86d66f00b,,fixed revision1028862;2053 poem lines,2010 and2024 Tibetan content comparison documented; two renditions are not independent witnesses.
wilkinson-2016,wilkinson-2016,commercial translation reference,"Christopher Wilkinson, The Pearl Necklace Tantra, 2016",editions/research/etexts-translations/batch-01.md,,unestablished,comparison; no governing witness selected,64317e87328d2a4de88bfc13c5bc8d706d519a1223048c7a9b0e86f9a5e242d0,,154pages; ISBN9781539193005,Complete root translation verified from catalogue. Tibetan manuscript facsimile basis not identified; book not acquired.
ryznar-edition,ryznar-edition,scholarly edition lead,Aleš Rýznar doctoral diplomatic edition and translation,editions/research/external/batch3/README.md,,unestablished,comparison; no governing witness selected,a7b9fbb33e1fa2b5f9320bd341646155ca30f15a63dc5599334a53d14bf243ac,,Reported submittedNov2021; five witnesses,Report dated7Feb2022; public thesis not located; defense/publication status unresolved.
smith-2018,smith-2018,partial translation reference,"Malcolm Smith, Self-Arisen Vidya Tantra / Self-Liberated Vidya Tantra, 2018",editions/research/etexts-translations/batch-01.md,,unestablished,comparison; no governing witness selected,64317e87328d2a4de88bfc13c5bc8d706d519a1223048c7a9b0e86f9a5e242d0,,Appendix excerpt from Pearls commentary,Not a full root translation.
lotsawahouse-quotation,lotsawahouse-quotation,partial translation reference,Longchenpa Essence of the Topics quotation,editions/research/etexts-translations/lotsawahouse-quotation.md,,unestablished,comparison; no governing witness selected,651f468d8031ae8c84e323aa82bbb44a11018e92456b120daf75847447e34a7e,https://www.lotsawahouse.org/tibetan-masters/longchen-rabjam/essence-topics-zabmo-yangtik,Root chapter8 quotation,Adam Pearcey2026; footnote1 explicitly identifies chapter8. Partial quotation; no independent witness.
eap-neartitle,eap-neartitle,unresolved near-title; excluded from root count,Phyag len rin po che mu tig phreng ba,editions/research/external/batch2/README.md,MWEAP039-1-4-165,unestablished,comparison; no governing witness selected,ca4c80a7f76bc2cec8b09a548dcb7aacfe2e5f22c232eca2b64e4ee8ab4e77b2,https://library.bdrc.io/show/bdr:MWEAP039-1-4-165,,188TIFF; root identity unproved.
