collection_work,linked_instance,classification
WA1KG892,MW1ER128,collection-level link; not proof of target-text presence or witness independence
WA1KG892,MW1ER119,collection-level link; not proof of target-text presence or witness independence
WA1KG892,W27491,collection-level link; not proof of target-text presence or witness independence
WA1KG892,W1ER124,collection-level link; not proof of target-text presence or witness independence
WA1KG892,W21520,collection-level link; not proof of target-text presence or witness independence
WA1KG892,W1ER128,collection-level link; not proof of target-text presence or witness independence
WA1KG892,MW3CN7084,collection-level link; not proof of target-text presence or witness independence
WA1KG892,W1ER119,collection-level link; not proof of target-text presence or witness independence
WA1KG892,MW1ER124,collection-level link; not proof of target-text presence or witness independence
WA1KG892,W1KG892,collection-level link; not proof of target-text presence or witness independence
WA1KG892,MW27491,collection-level link; not proof of target-text presence or witness independence
WA1KG892,W1KG11703,collection-level link; not proof of target-text presence or witness independence
WA1KG892,MW1KG892,collection-level link; not proof of target-text presence or witness independence
WA1KG892,MW1KG11703,collection-level link; not proof of target-text presence or witness independence
WA1KG892,MW21520,collection-level link; not proof of target-text presence or witness independence
WA1KG892,W3CN7084,collection-level link; not proof of target-text presence or witness independence
WA1KG892,MWEAP039-1-4-259,collection-level link; not proof of target-text presence or witness independence
WA3JT13481,W1ER152,collection-level link; not proof of target-text presence or witness independence
WA3JT13481,W1ER27,collection-level link; not proof of target-text presence or witness independence
WA3JT13481,W1ER156,collection-level link; not proof of target-text presence or witness independence
WA3JT13481,W21521,collection-level link; not proof of target-text presence or witness independence
WA3JT13481,W21519,collection-level link; not proof of target-text presence or witness independence
WA3JT13481,W20150,collection-level link; not proof of target-text presence or witness independence
WA3JT13481,MW2PD17382,collection-level link; not proof of target-text presence or witness independence
WA3JT13481,MW3KG763,collection-level link; not proof of target-text presence or witness independence
WA3JT13481,W21939,collection-level link; not proof of target-text presence or witness independence
WA3JT13481,MW2PD19896,collection-level link; not proof of target-text presence or witness independence
WA3JT13481,MW3KG436,collection-level link; not proof of target-text presence or witness independence
WA3JT13481,IE21939,collection-level link; not proof of target-text presence or witness independence
WA3JT13481,MW3CN3207,collection-level link; not proof of target-text presence or witness independence
WA3JT13481,W1ER7,collection-level link; not proof of target-text presence or witness independence
WA3JT13481,W1BL6,collection-level link; not proof of target-text presence or witness independence
WA3JT13481,MWEAP105-1-1,collection-level link; not proof of target-text presence or witness independence
WA3JT13481,W2PD19896,collection-level link; not proof of target-text presence or witness independence
WA3JT13481,W2PD17382,collection-level link; not proof of target-text presence or witness independence
WA3JT13481,MW21519,collection-level link; not proof of target-text presence or witness independence
WA3JT13481,MW21939,collection-level link; not proof of target-text presence or witness independence
WA3JT13481,IE3CN3207,collection-level link; not proof of target-text presence or witness independence
WA3JT13481,WEAP105-1-1,collection-level link; not proof of target-text presence or witness independence
WA3JT13481,W3KG763,collection-level link; not proof of target-text presence or witness independence
WA3JT13481,MW21521,collection-level link; not proof of target-text presence or witness independence
WA3JT13481,MW3CN26475,collection-level link; not proof of target-text presence or witness independence
WA3JT13481,WEAP310-4-1,collection-level link; not proof of target-text presence or witness independence
WA3JT13481,W3KG436,collection-level link; not proof of target-text presence or witness independence
WA3JT13481,MW1KG16449,collection-level link; not proof of target-text presence or witness independence
WA3JT13481,MW25815,collection-level link; not proof of target-text presence or witness independence
WA3JT13481,MW1KG14783,collection-level link; not proof of target-text presence or witness independence
WA3JT13481,W25815,collection-level link; not proof of target-text presence or witness independence
WA3JT13481,IE3CN26475,collection-level link; not proof of target-text presence or witness independence
WA3JT13481,W21518,collection-level link; not proof of target-text presence or witness independence
WA3JT13481,MW1ER7,collection-level link; not proof of target-text presence or witness independence
WA3JT13481,MWEAP310-4-1,collection-level link; not proof of target-text presence or witness independence
WA3JT13481,MW1BL6,collection-level link; not proof of target-text presence or witness independence
WA3JT13481,W1KG14783,collection-level link; not proof of target-text presence or witness independence
WA3JT13481,MW21518,collection-level link; not proof of target-text presence or witness independence
WA3JT13481,MW20150,collection-level link; not proof of target-text presence or witness independence
WA3JT13481,MW1ER27,collection-level link; not proof of target-text presence or witness independence
WA3JT13481,W3CN3207,collection-level link; not proof of target-text presence or witness independence
WA3JT13481,W1KG16449,collection-level link; not proof of target-text presence or witness independence
