rkts_id,collection,bdrc_set,location_catalogue_verbatim,source_url,image_link,classification
Gaz003.004,Gaz a 'dzom par ma / རྒྱུད་བཅུ་བདུན ༼ཨ་འཛོམ་པར་མ༽,MW1KG11703,MW1KG11703: volume pod gsum pa - folios 1b 1 -61a 5,https://www.rkts.org/cat.php?id=60&typ=3,https://www.rkts.org/images.php?id=3|Gaz|MW1KG11703|I1KG11712|na|1b,catalogue-confirmed manifestation; witness independence not established
Gcn9.1,Gcn rnying ma rgyud bcu bdun / རྙིང་མ་རྒྱུད་བཅུ་བདུན,MW1ER128,MW1ER128: volume ta - folios 1b 1 -40a 6,https://www.rkts.org/cat.php?id=60&typ=3,https://www.rkts.org/images.php?id=3|Gcn|MW1ER128|I1ER128-9|ta|1b,catalogue-confirmed manifestation; witness independence not established
Gcu6.1,Gcu rnying ma rgyud bcu bdun / རྙིང་མ་རྒྱུད་བཅུ་བདུན,MW1ER119,MW1ER119: volume 6 - folios 1b 1 -39a 3,https://www.rkts.org/cat.php?id=60&typ=3,https://www.rkts.org/images.php?id=3|Gcu|MW1ER119|I1ER795|na|1b,catalogue-confirmed manifestation; witness independence not established
Gdg004.5,Gdg sde dge par ma rnying rgyud / རྙིང་མ་རྒྱུད་འབུམ ༼སྡེ་དགེ་པར་མ༽,MW1ER7,MW1ER7: volume nga - folios 50a 1 -79b 7,https://www.rkts.org/cat.php?id=60&typ=3,https://www.rkts.org/images.php?id=3|Gdg|MW1ER7|I1ER176|rnying rgyud|50a,catalogue-confirmed manifestation; witness independence not established
Gdg004.5,Gdg sde dge par ma rnying rgyud / རྙིང་མ་རྒྱུད་འབུམ ༼སྡེ་དགེ་པར་མ༽,MW21939,MW21939: volume nga - folios 50a 1 -79b 7,https://www.rkts.org/cat.php?id=60&typ=3,https://www.rkts.org/images.php?id=3|Gdg|MW21939|I6324|rnying rgyud|50a,catalogue-confirmed manifestation; witness independence not established
Ggk032.009,Ggk gad dkar rnying rgyud / རྙིང་རྒྱུད ༼གད་དཀར་བྲིས་མ༽,MW1ER156,MW1ER156: volume rgyud 2 - folios 1b 1 -45b 3,https://www.rkts.org/cat.php?id=60&typ=3,https://www.rkts.org/images.php?id=3|Ggk|MW1ER156|I1ER907|ta|1b,catalogue-confirmed manifestation; witness independence not established
Ggt12.6,Ggt Gangtey rnying rgyud 1 / རྙིང་མ་རྒྱུད་འབུམ་༼སྒང་སྟེང་བྲིས་མ་༡༽,MWEAP039-1-3-1,MWEAP039-1-3-1: volume na - folios 137a 8 -174a 7,https://www.rkts.org/cat.php?id=60&typ=3,https://www.rkts.org/images.php?id=3|Ggt|MWEAP039-1-3-1|IEAP039-1-3-1-12|rnying rgyud|137a,catalogue-confirmed manifestation; witness independence not established
Gkh038.003,Gkh khams rnying rgyud / རྙིང་མ་རྒྱུད་འབུམ ༼གཞི་ཆེན་དགོན་གྱི་བྲིས་མ༽,MW2PD17382,MW2PD17382: volume nyi - folios 1b 1 -38b 2,https://www.rkts.org/cat.php?id=60&typ=3,https://www.rkts.org/images.php?id=3|Gkh|MW2PD17382|I1KG81310|3|1b,catalogue-confirmed manifestation; witness independence not established
Glt9.1,Glt rnying ma rgyud bcu bdun lang thang bris ma / རྙིང་མ་རྒྱུད་བཅུ་བདུན། ༼ལང་ཐང་བྲིས་མ༽,MW1ER124,MW1ER124: volume ta - folios 1b 1 -75a 3,https://www.rkts.org/cat.php?id=60&typ=3,https://www.rkts.org/images.php?id=3|Glt|MW1ER124|I1ER806|1|1b,catalogue-confirmed manifestation; witness independence not established
Gns6.6,Gns rnying ma rgyud 'bum gnubs gsang sngags chos gling / རྙིང་རྒྱུད ༼གནུབས་གསང་སྔགས་ཆོས་གླིང༽,MW1ER27,MW1ER27: volume cha - folios 214a 1 -233b 8,https://www.rkts.org/cat.php?id=60&typ=3,https://www.rkts.org/images.php?id=3|Gns|MW1ER27|I1ER139|cha|214a,catalogue-confirmed manifestation; witness independence not established
Gpb005.007,Gpb snga 'gyur rgyud 'bum phyogs bsgrigs / སྔ་འགྱུར་རྒྱུད་འབུམ་ཕྱོགས་བསྒྲིགས,MW1KG14783,MW1KG14783: volume ca - folios 163b 2 -209b 7,https://www.rkts.org/cat.php?id=60&typ=3,https://www.rkts.org/images.php?id=3|Gpb|MW1KG14783|I1KG21610|1|163b,catalogue-confirmed manifestation; witness independence not established
Gtn010.006,Gtn rig 'dzin tshe dbang nor bu rnying rgyud / རྙིང་མ་རྒྱུད་འབུམ ༼ཀཿཐོག་རིག་འཛིན་ཚེ་དབང་ནོར་བུ༽,MW2PD19896,MW2PD19896: volume - folios 122a 4 -145b 6,https://www.rkts.org/cat.php?id=60&typ=3,,catalogue-confirmed manifestation; witness independence not established
